symbol,entry_date,entry_price,entry_reason,exit_date,exit_price,exit_reason,holding_days,trade_return
159934.SZ,2014-02-17,2.5842915,rotation_entry,2014-03-24,2.6386800000000004,rotation_rebalance,35,0.021045806945540146
159934.SZ,2014-06-23,2.6033009999999996,rotation_entry,2014-06-30,2.5937025000000005,rotation_rebalance,7,-0.0036870496342908954
159934.SZ,2014-12-15,2.4302144999999995,rotation_entry,2014-12-22,2.3838075,rotation_rebalance,7,-0.01909584524329
159934.SZ,2015-01-19,2.5462724999999997,rotation_entry,2015-02-09,2.4787600000000003,rotation_rebalance,21,-0.026514247787697287
159934.SZ,2015-08-17,2.289144,rotation_entry,2015-08-31,2.3238375000000002,rotation_rebalance,14,0.01515566517440603
159934.SZ,2015-09-07,2.315157,rotation_entry,2015-09-08,2.2958515000000004,rsi_exit,1,-0.008338743333605292
159934.SZ,2015-09-28,2.3661825000000003,rotation_entry,2015-09-30,2.2858565,rsi_exit,2,-0.03394750827546067
159934.SZ,2015-10-19,2.3861924999999995,rotation_entry,2015-11-02,2.3278355000000004,rsi_exit,14,-0.0244561157576344
159934.SZ,2016-01-11,2.3361674999999997,rotation_entry,2016-01-18,2.3138425000000002,rotation_rebalance,7,-0.009556249712402654
159934.SZ,2016-01-25,2.323161,rotation_entry,2016-03-25,2.5397295,rsi_exit,60,0.09322147711673878
159934.SZ,2016-05-03,2.6903444999999997,rotation_entry,2016-05-23,2.632683,rotation_rebalance,20,-0.021432757031673688
159934.SZ,2016-06-20,2.709354,rotation_entry,2016-07-25,2.8235875000000004,rotation_rebalance,35,0.04216263360195849
159934.SZ,2016-08-08,2.851425,rotation_entry,2016-08-15,2.8455765,rotation_rebalance,7,-0.002051079723296212
159934.SZ,2016-11-07,2.7933959999999995,rotation_entry,2016-11-08,2.7676155000000002,rsi_exit,1,-0.009229088893948245
512880.SH,2016-11-07,1.0855424999999999,rotation_entry,2016-12-05,1.1084455,rotation_rebalance,28,0.021098206657040208
159934.SZ,2017-02-20,2.7363674999999996,rotation_entry,2017-03-06,2.7466260000000005,rotation_rebalance,14,0.0037489481950070402
512880.SH,2017-02-20,1.054527,rotation_entry,2017-03-06,1.041479,rsi_exit,14,-0.012373319981375475
159934.SZ,2017-04-10,2.7903945,rotation_entry,2017-04-24,2.8275855000000005,rotation_rebalance,14,0.01332822294482039
512880.SH,2017-07-17,1.04052,rotation_entry,2017-07-19,1.003498,rsi_exit,2,-0.03558028677968694
159934.SZ,2017-07-24,2.7283634999999995,rotation_entry,2017-07-27,2.7306340000000002,rsi_exit,3,0.0008321838347422617
512880.SH,2017-07-24,1.0535264999999998,rotation_entry,2017-07-31,1.0484755,rotation_rebalance,7,-0.004794373943132868
159934.SZ,2017-08-07,2.719359,rotation_entry,2017-08-08,2.7156415000000003,rsi_exit,1,-0.001367050102615952
512880.SH,2017-08-07,1.072536,rotation_entry,2017-08-14,1.0234880000000002,rsi_exit,7,-0.045730865910328156
159934.SZ,2017-08-21,2.749374,rotation_entry,2017-08-28,2.7556215,rotation_rebalance,7,0.002272335447996543
159952.SZ,2017-08-21,1.0175085,rotation_entry,2017-08-28,1.0164914999999999,rotation_rebalance,7,-0.0009995002498751626
159934.SZ,2017-09-04,2.7993989999999997,rotation_entry,2017-09-18,2.77861,rotation_rebalance,14,-0.0074262368458372086
159952.SZ,2017-09-04,1.0435214999999998,rotation_entry,2017-09-18,1.0494750000000002,rotation_rebalance,14,0.005705201090730139
512880.SH,2017-09-04,1.1365679999999998,rotation_entry,2017-09-18,1.1154420000000003,rotation_rebalance,14,-0.018587537217306438
159952.SZ,2017-10-16,1.0795394999999999,rotation_entry,2017-10-20,1.0384805,rsi_exit,4,-0.03803380978648763
512800.SH,2017-10-16,1.003502714427316,rotation_entry,2017-10-27,0.9945049273138714,rsi_exit,11,-0.00896638044330511
159952.SZ,2017-10-23,1.058529,rotation_entry,2017-10-31,1.041479,rsi_exit,8,-0.016107258280122716
512800.SH,2017-10-30,1.0095073653241489,rotation_entry,2017-11-01,0.9985035919989469,rsi_exit,2,-0.010900141696012944
159934.SZ,2017-11-20,2.747373,rotation_entry,2017-11-22,2.7296345,rsi_exit,2,-0.006456531384708253
159934.SZ,2017-11-27,2.7363674999999996,rotation_entry,2017-11-28,2.7376305,rsi_exit,1,0.0004615608100886348
512200.SH,2017-11-27,0.9654830064672105,rotation_entry,2017-12-07,0.9555229437830837,rsi_exit,10,-0.010316144994174103
512800.SH,2017-11-20,1.0135099176768985,rotation_entry,2017-12-13,1.0114970337865394,rsi_exit,23,-0.0019860524847875594
512800.SH,2018-01-02,1.0175102326877021,rotation_entry,2018-01-22,1.1184452913117395,rotation_rebalance,20,0.09919807720991902
159934.SZ,2018-01-02,2.7283634999999995,rotation_entry,2018-01-31,2.7176405,rsi_exit,29,-0.003930194785262131
512880.SH,2018-01-22,1.056528,rotation_entry,2018-02-01,1.0244875,rsi_exit,10,-0.03032621946602454
512200.SH,2018-01-02,0.9724859693806641,rotation_entry,2018-02-07,1.0554718900494384,rsi_exit,36,0.08533379738282965
512800.SH,2018-02-05,1.139574644227523,rotation_entry,2018-02-09,1.0574740314721334,rsi_exit,4,-0.07204496271592875
159952.SZ,2018-03-05,1.0055024999999997,rotation_entry,2018-03-19,1.035482,rotation_rebalance,14,0.029815440538437432
159952.SZ,2018-04-02,1.078539,rotation_entry,2018-04-09,1.0364815,rotation_rebalance,7,-0.03899488103814497
512800.SH,2018-05-21,0.9935008066052857,rotation_entry,2018-05-23,0.9825127595518947,rsi_exit,2,-0.01105992766219921
159952.SZ,2018-05-21,1.0415204999999998,rotation_entry,2018-05-28,1.01949,rsi_exit,7,-0.021152248083450953
512800.SH,2018-07-23,0.9184673731364064,rotation_entry,2018-08-03,0.9095527697720995,rsi_exit,11,-0.009705955404670563
159934.SZ,2018-07-30,2.6563274999999997,rotation_entry,2018-08-03,2.6456765,rsi_exit,4,-0.004009671247238833
512800.SH,2018-08-13,0.9214693403388167,rotation_entry,2018-08-14,0.9135513405875725,rsi_exit,1,-0.008592797833439358
512800.SH,2018-08-27,0.9354754105515728,rotation_entry,2018-09-07,0.9205474304925112,rsi_exit,11,-0.015957640244397053
159934.SZ,2018-09-10,2.6243115,rotation_entry,2018-09-11,2.6176905,rsi_exit,1,-0.0025229474473590363
512800.SH,2018-09-10,0.9244704124520002,rotation_entry,2018-09-11,0.9195481262057088,rsi_exit,1,-0.00532443892199419
512800.SH,2018-09-17,0.9234688821186198,rotation_entry,2018-09-18,0.9175487463088111,rsi_exit,1,-0.0064107583097188225
159934.SZ,2018-09-17,2.639319,rotation_entry,2018-09-28,2.612693,rsi_exit,11,-0.010088208359807949
512200.SH,2018-09-25,0.7753882828661508,rotation_entry,2018-10-09,0.7186410353936473,rsi_exit,14,-0.07318558808077746
512880.SH,2018-10-08,0.7173584999999999,rotation_entry,2018-10-09,0.701649,rsi_exit,1,-0.021899092294856648
512800.SH,2018-09-25,0.964491033610976,rotation_entry,2018-10-12,0.9205490507152874,rsi_exit,17,-0.0455597629883332
159934.SZ,2018-10-15,2.6983485,rotation_entry,2018-11-05,2.712643,rotation_rebalance,21,0.005297499563158725
512800.SH,2018-10-22,0.9604900882058383,rotation_entry,2018-11-12,0.9455357141152727,rsi_exit,21,-0.015569524635594911
512880.SH,2018-10-29,0.7293645,rotation_entry,2018-11-26,0.763618,rotation_rebalance,28,0.04696348670657824
512200.SH,2018-11-05,0.7113569121730977,rotation_entry,2018-11-26,0.750625624218927,rotation_rebalance,21,0.055202545127267744
159952.SZ,2018-11-19,0.8004,rotation_entry,2018-11-26,0.749625,rsi_exit,7,-0.06343703148425794
159934.SZ,2018-12-24,2.7783885,rotation_entry,2019-01-28,2.7995995000000002,rsi_exit,35,0.007634281526863518
512880.SH,2019-01-07,0.784392,rotation_entry,2019-01-31,0.7676160000000001,rsi_exit,24,-0.02138726555089787
512200.SH,2019-02-11,0.7453726801517245,rotation_entry,2019-02-18,0.7596198306052417,rotation_rebalance,7,0.01911413019674546
512880.SH,2019-02-11,0.7973985,rotation_entry,2019-02-25,1.021489,rotation_rebalance,14,0.28102698964194195
512800.SH,2019-01-21,0.9274753861704759,rotation_entry,2019-03-26,1.0135077421813556,rsi_exit,64,0.09275971879545541
512880.SH,2019-03-11,1.0415204999999998,rotation_entry,2019-03-27,0.9985005,rsi_exit,16,-0.041304995917026965
159952.SZ,2019-02-18,0.788394,rotation_entry,2019-04-15,0.9925035000000001,rotation_rebalance,56,0.2588927617409571
512880.SH,2019-04-01,1.0795394999999999,rotation_entry,2019-04-23,1.0464765,rsi_exit,22,-0.03062694787916498
512200.SH,2019-02-25,0.7953976845733952,rotation_entry,2019-04-25,0.9415292789710585,rsi_exit,59,0.18372142292071136
512800.SH,2019-04-01,1.0435355475996981,rotation_entry,2019-04-29,1.0604801339166547,rsi_exit,28,0.016237670442498908
512800.SH,2019-05-06,1.0525363686898275,rotation_entry,2019-05-07,1.0544830973518446,rsi_exit,1,0.0018495595211027727
159934.SZ,2019-05-20,2.8164075,rotation_entry,2019-05-27,2.8355815000000004,rotation_rebalance,7,0.0068079636913338515
512800.SH,2019-06-17,1.045534519741985,rotation_entry,2019-07-09,1.0554839373015585,rsi_exit,22,0.009516106232464683
512800.SH,2019-07-15,1.063542471711982,rotation_entry,2019-07-18,1.0564819223690582,rsi_exit,3,-0.006638709342334348
512690.SH,2019-06-24,1.0105071751367856,rotation_entry,2019-07-29,1.0564730107628482,rotation_rebalance,35,0.045487886436670344
512800.SH,2019-07-22,1.0725473786593518,rotation_entry,2019-08-05,1.066478686786553,rsi_exit,14,-0.005658204004362455
512480.SH,2019-07-29,1.053527639385809,rotation_entry,2019-08-07,0.9945039035642291,rsi_exit,9,-0.0560248574550829
159934.SZ,2019-06-03,2.8824404999999995,rotation_entry,2019-09-09,3.404297,rotation_rebalance,98,0.18104675534499348
512690.SH,2019-08-19,1.080543701060413,rotation_entry,2019-09-12,1.0794633816405956,rsi_exit,24,-0.0009997924366753619
512800.SH,2019-09-09,1.0805520370898214,rotation_entry,2019-09-18,1.0544851830231659,rsi_exit,9,-0.024123645296028173
512880.SH,2019-09-09,1.0175085,rotation_entry,2019-09-23,0.9805095,rotation_rebalance,14,-0.03636234979855191
512200.SH,2019-09-16,0.882436686266198,rotation_entry,2019-09-23,0.8795570362278967,rotation_rebalance,7,-0.0032632936539456203
512800.SH,2019-09-23,1.0615430289265357,rotation_entry,2019-09-24,1.0494873866390804,rsi_exit,1,-0.011356715610149504
159952.SZ,2019-09-09,0.9874934999999999,rotation_entry,2019-09-27,0.9405295,rsi_exit,18,-0.04755879405788488
512480.SH,2019-08-19,1.0665351355455919,rotation_entry,2019-10-08,1.2073988612353102,rsi_exit,50,0.13207602918553518
512690.SH,2019-09-23,1.1395731311249253,rotation_entry,2019-10-21,1.099454264046044,rsi_exit,28,-0.03520517111462429
512200.SH,2019-10-14,0.8724329723776172,rotation_entry,2019-10-31,0.8545691397583015,rsi_exit,17,-0.020475879735072255
159952.SZ,2019-10-28,0.9854924999999999,rotation_entry,2019-11-12,0.9705145000000001,rsi_exit,15,-0.015198492124495977
512800.SH,2019-09-30,1.0685465493184125,rotation_entry,2019-11-15,1.109456474672596,rsi_exit,46,0.038285580895168536
512690.SH,2019-11-04,1.1355710975051616,rotation_entry,2019-11-25,1.1494290367720823,rotation_rebalance,21,0.012203497691484433
512480.SH,2019-11-18,1.2566315448929015,rotation_entry,2019-11-25,1.237384278382417,rotation_rebalance,7,-0.015316555269289323
159952.SZ,2019-12-09,1.0015005,rotation_entry,2019-12-16,1.01949,rotation_rebalance,7,0.017962547197929668
515880.SH,2019-12-09,1.0385166097063923,rotation_entry,2019-12-23,1.0594673037532585,rotation_rebalance,14,0.020173672573989387
159952.SZ,2019-12-23,1.028514,rotation_entry,2019-12-30,1.01949,rotation_rebalance,7,-0.008773823205128872
512480.SH,2019-12-09,1.3726911021187966,rotation_entry,2019-12-31,1.4340084051798616,forced_close,22,0.04466941103240174
512800.SH,2019-12-16,1.1185699525728772,rotation_entry,2019-12-31,1.1320113839187562,forced_close,15,0.012016621146457407
512200.SH,2019-12-23,0.9034492682250101,rotation_entry,2019-12-31,0.9199982517904446,forced_close,8,0.018317557108599836
512880.SH,2019-12-23,0.9974985,rotation_entry,2019-12-31,1.04,forced_close,8,0.04260808412243233
